,keywords,number_of_times_word_appeared,tf,idf,tf_idf
177,java,135,0.005455868089233754,-4.90527477843843,-0.0267625321326054
83,int,104,0.004203039120594891,-4.6443908991413725,-0.01952055664042607
28,com,67,0.0027077271257678628,-4.204692619390966,-0.011385160261040845
137,data,62,0.002505657937277724,-4.127134385045092,-0.010341187030100051
242,applet,57,0.002303588748787585,-4.04305126783455,-0.009313527411355051
819,obj,56,0.0022631749110895573,-4.02535169073515,-0.009110074954783722
851,hi,56,0.0022631749110895573,-4.02535169073515,-0.009110074954783722
806,object,53,0.0021419333979954738,-3.970291913552122,-0.008504100849428648
33,new,52,0.0021015195602974456,-3.951243718581427,-0.008303615962101284
29,basic,50,0.0020206918849013903,-3.912023005428146,-0.007904993140616202
425,basics,49,0.0019802780472033626,-3.891820298110627,-0.007706886300008921
466,button,48,0.0019398642095053346,-3.871201010907891,-0.007509604288861088
639,code,44,0.0017782088587132234,-3.784189633918261,-0.006729079530084202
112,class,43,0.0017377950210151955,-3.7612001156935624,-0.00653619483409405
460,id,41,0.00165696734561914,-3.713572066704308,-0.006153267650132421
818,method,39,0.0015761396702230843,-3.6635616461296463,-0.005774284844772721
691,array,34,0.0013740704817329454,-3.5263605246161616,-0.004845467904823372
512,string,32,0.0012932428063368898,-3.4657359027997265,-0.004482038024959232
25,use,32,0.0012932428063368898,-3.4657359027997265,-0.004482038024959232
728,iv,30,0.0012124151309408342,-3.4011973816621555,-0.004123663168843545
651,call,27,0.0010911736178467507,-3.295836866004329,-0.0035963302369106404
472,type,26,0.0010507597801487228,-3.258096538021482,-0.0034234768019947674
455,objects,26,0.0010507597801487228,-3.258096538021482,-0.0034234768019947674
522,serve,25,0.0010103459424506951,-3.2188758248682006,-0.0032521781289082206
23,public,24,0.0009699321047526673,-3.1780538303479458,-0.003082496440686659
816,point,24,0.0009699321047526673,-3.1780538303479458,-0.003082496440686659
237,right,24,0.0009699321047526673,-3.1780538303479458,-0.003082496440686659
343,reserve,24,0.0009699321047526673,-3.1780538303479458,-0.003082496440686659
496,reserved,23,0.0009295182670546395,-3.1354942159291497,-0.0029144991499503088
692,program,23,0.0009295182670546395,-3.1354942159291497,-0.0029144991499503088
488,rights,23,0.0009295182670546395,-3.1354942159291497,-0.0029144991499503088
273,jguru,23,0.0009295182670546395,-3.1354942159291497,-0.0029144991499503088
26,example,22,0.0008891044293566117,-3.0910424533583156,-0.002748259536610206
592,refer,22,0.0008891044293566117,-3.0910424533583156,-0.002748259536610206
668,init,22,0.0008891044293566117,-3.0910424533583156,-0.002748259536610206
605,comment,20,0.0008082767539605561,-2.995732273553991,-0.0024213807578030966
71,one,19,0.0007678629162625283,-2.9444389791664407,-0.002260925501299805
113,pre,19,0.0007678629162625283,-2.9444389791664407,-0.002260925501299805
480,allocate,19,0.0007678629162625283,-2.9444389791664407,-0.002260925501299805
39,pointer,18,0.0007274490785645005,-2.890371757896165,-0.002102598271990421
46,param,18,0.0007274490785645005,-2.890371757896165,-0.002102598271990421
66,ack,17,0.0006870352408664727,-2.833213344056216,-0.0019465174122597672
280,null,17,0.0006870352408664727,-2.833213344056216,-0.0019465174122597672
47,const,16,0.0006466214031684449,-2.772588722239781,-0.001792815209983693
126,return,16,0.0006466214031684449,-2.772588722239781,-0.001792815209983693
201,define,16,0.0006466214031684449,-2.772588722239781,-0.001792815209983693
719,void,15,0.0006062075654704171,-2.70805020110221,-0.0016416405195818443
218,port,15,0.0006062075654704171,-2.70805020110221,-0.0016416405195818443
223,memory,15,0.0006062075654704171,-2.70805020110221,-0.0016416405195818443
573,application,15,0.0006062075654704171,-2.70805020110221,-0.0016416405195818443
414,ok,15,0.0006062075654704171,-2.70805020110221,-0.0016416405195818443
173,types,15,0.0006062075654704171,-2.70805020110221,-0.0016416405195818443
32,language,15,0.0006062075654704171,-2.70805020110221,-0.0016416405195818443
763,name,14,0.0005657937277723893,-2.639057329615259,-0.0014931620843280644
583,comments,14,0.0005657937277723893,-2.639057329615259,-0.0014931620843280644
834,parameter,14,0.0005657937277723893,-2.639057329615259,-0.0014931620843280644
430,ten,14,0.0005657937277723893,-2.639057329615259,-0.0014931620843280644
604,expr,14,0.0005657937277723893,-2.639057329615259,-0.0014931620843280644
638,reference,14,0.0005657937277723893,-2.639057329615259,-0.0014931620843280644
481,primitive,14,0.0005657937277723893,-2.639057329615259,-0.0014931620843280644
617,system,14,0.0005657937277723893,-2.639057329615259,-0.0014931620843280644
502,make,13,0.0005253798900743614,-2.5649493574615367,-0.0013475728114694461
274,element,13,0.0005253798900743614,-2.5649493574615367,-0.0013475728114694461
654,variable,13,0.0005253798900743614,-2.5649493574615367,-0.0013475728114694461
559,run,13,0.0005253798900743614,-2.5649493574615367,-0.0013475728114694461
226,operator,13,0.0005253798900743614,-2.5649493574615367,-0.0013475728114694461
212,browser,12,0.00048496605237633366,-2.4849066497880004,-0.0012050953684713873
30,value,12,0.00048496605237633366,-2.4849066497880004,-0.0012050953684713873
356,may,12,0.00048496605237633366,-2.4849066497880004,-0.0012050953684713873
371,time,12,0.00048496605237633366,-2.4849066497880004,-0.0012050953684713873
129,basicsjava,11,0.00044455221467830586,-2.3978952727983707,-0.0010659896540891561
251,form,11,0.00044455221467830586,-2.3978952727983707,-0.0010659896540891561
849,state,11,0.00044455221467830586,-2.3978952727983707,-0.0010659896540891561
670,methods,11,0.00044455221467830586,-2.3978952727983707,-0.0010659896540891561
3,end,11,0.00044455221467830586,-2.3978952727983707,-0.0010659896540891561
283,garbage,11,0.00044455221467830586,-2.3978952727983707,-0.0010659896540891561
374,would,10,0.00040413837698027806,-2.3025850929940455,-0.0009305630023415961
290,runtime,10,0.00040413837698027806,-2.3025850929940455,-0.0009305630023415961
562,stack,10,0.00040413837698027806,-2.3025850929940455,-0.0009305630023415961
556,two,10,0.00040413837698027806,-2.3025850929940455,-0.0009305630023415961
321,file,10,0.00040413837698027806,-2.3025850929940455,-0.0009305630023415961
19,applets,10,0.00040413837698027806,-2.3025850929940455,-0.0009305630023415961
474,defined,10,0.00040413837698027806,-2.3025850929940455,-0.0009305630023415961
614,constant,10,0.00040413837698027806,-2.3025850929940455,-0.0009305630023415961
99,following,10,0.00040413837698027806,-2.3025850929940455,-0.0009305630023415961
14,boolean,9,0.00036372453928225026,-2.1972245773362196,-0.0007991844970912536
443,statement,9,0.00036372453928225026,-2.1972245773362196,-0.0007991844970912536
426,applications,9,0.00036372453928225026,-2.1972245773362196,-0.0007991844970912536
104,ill,9,0.00036372453928225026,-2.1972245773362196,-0.0007991844970912536
676,called,9,0.00036372453928225026,-2.1972245773362196,-0.0007991844970912536
346,collection,9,0.00036372453928225026,-2.1972245773362196,-0.0007991844970912536
336,main,9,0.00036372453928225026,-2.1972245773362196,-0.0007991844970912536
310,bit,9,0.00036372453928225026,-2.1972245773362196,-0.0007991844970912536
269,byte,9,0.00036372453928225026,-2.1972245773362196,-0.0007991844970912536
190,cause,8,0.00032331070158422246,-2.0794415416798357,-0.0006723057037438849
417,style,8,0.00032331070158422246,-2.0794415416798357,-0.0006723057037438849
629,create,8,0.00032331070158422246,-2.0794415416798357,-0.0006723057037438849
155,ints,8,0.00032331070158422246,-2.0794415416798357,-0.0006723057037438849
759,size,8,0.00032331070158422246,-2.0794415416798357,-0.0006723057037438849
710,variables,8,0.00032331070158422246,-2.0794415416798357,-0.0006723057037438849
181,programs,8,0.00032331070158422246,-2.0794415416798357,-0.0006723057037438849
0,definition,8,0.00032331070158422246,-2.0794415416798357,-0.0006723057037438849
821,source,8,0.00032331070158422246,-2.0794415416798357,-0.0006723057037438849
762,instance,7,0.00028289686388619466,-1.9459101490553135,-0.0005504918785720658
785,parameters,7,0.00028289686388619466,-1.9459101490553135,-0.0005504918785720658
300,arrays,7,0.00028289686388619466,-1.9459101490553135,-0.0005504918785720658
167,contain,7,0.00028289686388619466,-1.9459101490553135,-0.0005504918785720658
511,pointers,7,0.00028289686388619466,-1.9459101490553135,-0.0005504918785720658
51,inc,7,0.00028289686388619466,-1.9459101490553135,-0.0005504918785720658
401,bits,7,0.00028289686388619466,-1.9459101490553135,-0.0005504918785720658
270,table,7,0.00028289686388619466,-1.9459101490553135,-0.0005504918785720658
355,via,7,0.00028289686388619466,-1.9459101490553135,-0.0005504918785720658
205,foo,7,0.00028289686388619466,-1.9459101490553135,-0.0005504918785720658
351,literal,7,0.00028289686388619466,-1.9459101490553135,-0.0005504918785720658
413,args,7,0.00028289686388619466,-1.9459101490553135,-0.0005504918785720658
296,draw,7,0.00028289686388619466,-1.9459101490553135,-0.0005504918785720658
442,struct,7,0.00028289686388619466,-1.9459101490553135,-0.0005504918785720658
368,equivalent,6,0.00024248302618816683,-1.791759469228055,-0.00043447125829972234
501,trivial,6,0.00024248302618816683,-1.791759469228055,-0.00043447125829972234
794,statements,6,0.00024248302618816683,-1.791759469228055,-0.00043447125829972234
491,portable,6,0.00024248302618816683,-1.791759469228055,-0.00043447125829972234
770,heap,6,0.00024248302618816683,-1.791759469228055,-0.00043447125829972234
848,version,6,0.00024248302618816683,-1.791759469228055,-0.00043447125829972234
457,exception,6,0.00024248302618816683,-1.791759469228055,-0.00043447125829972234
608,calloc,6,0.00024248302618816683,-1.791759469228055,-0.00043447125829972234
483,equal,6,0.00024248302618816683,-1.791759469228055,-0.00043447125829972234
233,strings,6,0.00024248302618816683,-1.791759469228055,-0.00043447125829972234
661,true,6,0.00024248302618816683,-1.791759469228055,-0.00043447125829972234
718,test,6,0.00024248302618816683,-1.791759469228055,-0.00043447125829972234
445,width,6,0.00024248302618816683,-1.791759469228055,-0.00043447125829972234
204,integer,6,0.00024248302618816683,-1.791759469228055,-0.00043447125829972234
92,execute,6,0.00024248302618816683,-1.791759469228055,-0.00043447125829972234
584,sizeof,6,0.00024248302618816683,-1.791759469228055,-0.00043447125829972234
121,need,6,0.00024248302618816683,-1.791759469228055,-0.00043447125829972234
6,note,6,0.00024248302618816683,-1.791759469228055,-0.00043447125829972234
119,semantics,6,0.00024248302618816683,-1.791759469228055,-0.00043447125829972234
421,automatic,6,0.00024248302618816683,-1.791759469228055,-0.00043447125829972234
2,thread,6,0.00024248302618816683,-1.791759469228055,-0.00043447125829972234
76,similar,5,0.00020206918849013903,-1.6094379124341003,-0.0003252178128908221
843,allocates,5,0.00020206918849013903,-1.6094379124341003,-0.0003252178128908221
64,set,5,0.00020206918849013903,-1.6094379124341003,-0.0003252178128908221
164,access,5,0.00020206918849013903,-1.6094379124341003,-0.0003252178128908221
436,used,5,0.00020206918849013903,-1.6094379124341003,-0.0003252178128908221
384,buttons,5,0.00020206918849013903,-1.6094379124341003,-0.0003252178128908221
168,elements,5,0.00020206918849013903,-1.6094379124341003,-0.0003252178128908221
79,compile,5,0.00020206918849013903,-1.6094379124341003,-0.0003252178128908221
446,effect,5,0.00020206918849013903,-1.6094379124341003,-0.0003252178128908221
765,p2,5,0.00020206918849013903,-1.6094379124341003,-0.0003252178128908221
724,like,5,0.00020206918849013903,-1.6094379124341003,-0.0003252178128908221
202,start,5,0.00020206918849013903,-1.6094379124341003,-0.0003252178128908221
161,write,5,0.00020206918849013903,-1.6094379124341003,-0.0003252178128908221
253,static,5,0.00020206918849013903,-1.6094379124341003,-0.0003252178128908221
841,initial,5,0.00020206918849013903,-1.6094379124341003,-0.0003252178128908221
20,signed,5,0.00020206918849013903,-1.6094379124341003,-0.0003252178128908221
207,predefined,5,0.00020206918849013903,-1.6094379124341003,-0.0003252178128908221
612,machine,5,0.00020206918849013903,-1.6094379124341003,-0.0003252178128908221
256,uses,5,0.00020206918849013903,-1.6094379124341003,-0.0003252178128908221
473,consider,5,0.00020206918849013903,-1.6094379124341003,-0.0003252178128908221
185,p1,5,0.00020206918849013903,-1.6094379124341003,-0.0003252178128908221
172,platform,5,0.00020206918849013903,-1.6094379124341003,-0.0003252178128908221
244,length,5,0.00020206918849013903,-1.6094379124341003,-0.0003252178128908221
596,instantiate,5,0.00020206918849013903,-1.6094379124341003,-0.0003252178128908221
812,passed,5,0.00020206918849013903,-1.6094379124341003,-0.0003252178128908221
362,tag,5,0.00020206918849013903,-1.6094379124341003,-0.0003252178128908221
115,threads,5,0.00020206918849013903,-1.6094379124341003,-0.0003252178128908221
109,using,5,0.00020206918849013903,-1.6094379124341003,-0.0003252178128908221
835,stop,5,0.00020206918849013903,-1.6094379124341003,-0.0003252178128908221
142,clone,5,0.00020206918849013903,-1.6094379124341003,-0.0003252178128908221
554,way,5,0.00020206918849013903,-1.6094379124341003,-0.0003252178128908221
145,put,5,0.00020206918849013903,-1.6094379124341003,-0.0003252178128908221
53,import,5,0.00020206918849013903,-1.6094379124341003,-0.0003252178128908221
298,expressions,5,0.00020206918849013903,-1.6094379124341003,-0.0003252178128908221
664,executed,5,0.00020206918849013903,-1.6094379124341003,-0.0003252178128908221
195,blah,4,0.00016165535079211123,-1.3862943611198906,-0.00022410190124796164
791,free,4,0.00016165535079211123,-1.3862943611198906,-0.00022410190124796164
69,animations,4,0.00016165535079211123,-1.3862943611198906,-0.00022410190124796164
846,quit,4,0.00016165535079211123,-1.3862943611198906,-0.00022410190124796164
514,extend,4,0.00016165535079211123,-1.3862943611198906,-0.00022410190124796164
697,getparameter,4,0.00016165535079211123,-1.3862943611198906,-0.00022410190124796164
800,compiler,4,0.00016165535079211123,-1.3862943611198906,-0.00022410190124796164
132,pointernull,4,0.00016165535079211123,-1.3862943611198906,-0.00022410190124796164
160,paint,4,0.00016165535079211123,-1.3862943611198906,-0.00022410190124796164
758,must,4,0.00016165535079211123,-1.3862943611198906,-0.00022410190124796164
111,document,4,0.00016165535079211123,-1.3862943611198906,-0.00022410190124796164
354,definitions,4,0.00016165535079211123,-1.3862943611198906,-0.00022410190124796164
813,final,4,0.00016165535079211123,-1.3862943611198906,-0.00022410190124796164
22,makes,4,0.00016165535079211123,-1.3862943611198906,-0.00022410190124796164
803,therefore,4,0.00016165535079211123,-1.3862943611198906,-0.00022410190124796164
579,list,4,0.00016165535079211123,-1.3862943611198906,-0.00022410190124796164
607,super,4,0.00016165535079211123,-1.3862943611198906,-0.00022410190124796164
138,convert,4,0.00016165535079211123,-1.3862943611198906,-0.00022410190124796164
528,else,4,0.00016165535079211123,-1.3862943611198906,-0.00022410190124796164
519,however,4,0.00016165535079211123,-1.3862943611198906,-0.00022410190124796164
238,look,4,0.00016165535079211123,-1.3862943611198906,-0.00022410190124796164
509,simple,4,0.00016165535079211123,-1.3862943611198906,-0.00022410190124796164
506,false,4,0.00016165535079211123,-1.3862943611198906,-0.00022410190124796164
660,println,4,0.00016165535079211123,-1.3862943611198906,-0.00022410190124796164
808,invoke,4,0.00016165535079211123,-1.3862943611198906,-0.00022410190124796164
395,space,4,0.00016165535079211123,-1.3862943611198906,-0.00022410190124796164
337,place,4,0.00016165535079211123,-1.3862943611198906,-0.00022410190124796164
618,line,4,0.00016165535079211123,-1.3862943611198906,-0.00022410190124796164
523,copy,4,0.00016165535079211123,-1.3862943611198906,-0.00022410190124796164
397,execution,4,0.00016165535079211123,-1.3862943611198906,-0.00022410190124796164
701,graphics,4,0.00016165535079211123,-1.3862943611198906,-0.00022410190124796164
68,www,4,0.00016165535079211123,-1.3862943611198906,-0.00022410190124796164
249,view,4,0.00016165535079211123,-1.3862943611198906,-0.00022410190124796164
493,initialize,4,0.00016165535079211123,-1.3862943611198906,-0.00022410190124796164
492,operators,4,0.00016165535079211123,-1.3862943611198906,-0.00022410190124796164
385,part,4,0.00016165535079211123,-1.3862943611198906,-0.00022410190124796164
475,drawn,4,0.00016165535079211123,-1.3862943611198906,-0.00022410190124796164
623,library,4,0.00016165535079211123,-1.3862943611198906,-0.00022410190124796164
840,programming,3,0.00012124151309408342,-1.0986122886681098,-0.00013319741618187558
59,first,3,0.00012124151309408342,-1.0986122886681098,-0.00013319741618187558
347,destroy,3,0.00012124151309408342,-1.0986122886681098,-0.00013319741618187558
333,structure,3,0.00012124151309408342,-1.0986122886681098,-0.00013319741618187558
842,creates,3,0.00012124151309408342,-1.0986122886681098,-0.00013319741618187558
431,appletviewer,3,0.00012124151309408342,-1.0986122886681098,-0.00013319741618187558
246,output,3,0.00012124151309408342,-1.0986122886681098,-0.00013319741618187558
58,char,3,0.00012124151309408342,-1.0986122886681098,-0.00013319741618187558
687,contrast,3,0.00012124151309408342,-1.0986122886681098,-0.00013319741618187558
416,allow,3,0.00012124151309408342,-1.0986122886681098,-0.00013319741618187558
833,references,3,0.00012124151309408342,-1.0986122886681098,-0.00013319741618187558
839,stat1,3,0.00012124151309408342,-1.0986122886681098,-0.00013319741618187558
299,dynamic,3,0.00012124151309408342,-1.0986122886681098,-0.00013319741618187558
291,item,3,0.00012124151309408342,-1.0986122886681098,-0.00013319741618187558
379,assigned,3,0.00012124151309408342,-1.0986122886681098,-0.00013319741618187558
373,ignore,3,0.00012124151309408342,-1.0986122886681098,-0.00013319741618187558
658,resources,3,0.00012124151309408342,-1.0986122886681098,-0.00013319741618187558
656,awt,3,0.00012124151309408342,-1.0986122886681098,-0.00013319741618187558
566,equals,3,0.00012124151309408342,-1.0986122886681098,-0.00013319741618187558
278,float,3,0.00012124151309408342,-1.0986122886681098,-0.00013319741618187558
276,extends,3,0.00012124151309408342,-1.0986122886681098,-0.00013319741618187558
314,limited,3,0.00012124151309408342,-1.0986122886681098,-0.00013319741618187558
650,messages,3,0.00012124151309408342,-1.0986122886681098,-0.00013319741618187558
360,always,3,0.00012124151309408342,-1.0986122886681098,-0.00013319741618187558
62,typename,3,0.00012124151309408342,-1.0986122886681098,-0.00013319741618187558
323,hard,3,0.00012124151309408342,-1.0986122886681098,-0.00013319741618187558
725,default,3,0.00012124151309408342,-1.0986122886681098,-0.00013319741618187558
410,assignment,3,0.00012124151309408342,-1.0986122886681098,-0.00013319741618187558
326,html,3,0.00012124151309408342,-1.0986122886681098,-0.00013319741618187558
412,leave,3,0.00012124151309408342,-1.0986122886681098,-0.00013319741618187558
679,bounds,3,0.00012124151309408342,-1.0986122886681098,-0.00013319741618187558
415,easily,3,0.00012124151309408342,-1.0986122886681098,-0.00013319741618187558
567,collector,3,0.00012124151309408342,-1.0986122886681098,-0.00013319741618187558
682,every,3,0.00012124151309408342,-1.0986122886681098,-0.00013319741618187558
634,package,3,0.00012124151309408342,-1.0986122886681098,-0.00013319741618187558
86,classes,3,0.00012124151309408342,-1.0986122886681098,-0.00013319741618187558
537,shows,3,0.00012124151309408342,-1.0986122886681098,-0.00013319741618187558
609,dispose,3,0.00012124151309408342,-1.0986122886681098,-0.00013319741618187558
789,within,3,0.00012124151309408342,-1.0986122886681098,-0.00013319741618187558
189,automatically,3,0.00012124151309408342,-1.0986122886681098,-0.00013319741618187558
188,robust,3,0.00012124151309408342,-1.0986122886681098,-0.00013319741618187558
773,idi,3,0.00012124151309408342,-1.0986122886681098,-0.00013319741618187558
13,inthis,3,0.00012124151309408342,-1.0986122886681098,-0.00013319741618187558
532,codevoid,3,0.00012124151309408342,-1.0986122886681098,-0.00013319741618187558
128,section,3,0.00012124151309408342,-1.0986122886681098,-0.00013319741618187558
498,edu,3,0.00012124151309408342,-1.0986122886681098,-0.00013319741618187558
93,push,3,0.00012124151309408342,-1.0986122886681098,-0.00013319741618187558
140,label,3,0.00012124151309408342,-1.0986122886681098,-0.00013319741618187558
143,bfoo,3,0.00012124151309408342,-1.0986122886681098,-0.00013319741618187558
175,address,3,0.00012124151309408342,-1.0986122886681098,-0.00013319741618187558
166,reside,3,0.00012124151309408342,-1.0986122886681098,-0.00013319741618187558
163,compilation,3,0.00012124151309408342,-1.0986122886681098,-0.00013319741618187558
159,defines,3,0.00012124151309408342,-1.0986122886681098,-0.00013319741618187558
792,loop,3,0.00012124151309408342,-1.0986122886681098,-0.00013319741618187558
521,include,3,0.00012124151309408342,-1.0986122886681098,-0.00013319741618187558
591,window,3,0.00012124151309408342,-1.0986122886681098,-0.00013319741618187558
127,gui,3,0.00012124151309408342,-1.0986122886681098,-0.00013319741618187558
151,double,3,0.00012124151309408342,-1.0986122886681098,-0.00013319741618187558
627,function,3,0.00012124151309408342,-1.0986122886681098,-0.00013319741618187558
577,declaration,3,0.00012124151309408342,-1.0986122886681098,-0.00013319741618187558
125,case,3,0.00012124151309408342,-1.0986122886681098,-0.00013319741618187558
229,nothing,3,0.00012124151309408342,-1.0986122886681098,-0.00013319741618187558
578,text,3,0.00012124151309408342,-1.0986122886681098,-0.00013319741618187558
447,life,3,0.00012124151309408342,-1.0986122886681098,-0.00013319741618187558
557,allocated,3,0.00012124151309408342,-1.0986122886681098,-0.00013319741618187558
464,arithmetic,3,0.00012124151309408342,-1.0986122886681098,-0.00013319741618187558
227,optional,3,0.00012124151309408342,-1.0986122886681098,-0.00013319741618187558
1,argument,3,0.00012124151309408342,-1.0986122886681098,-0.00013319741618187558
546,height,3,0.00012124151309408342,-1.0986122886681098,-0.00013319741618187558
219,link,3,0.00012124151309408342,-1.0986122886681098,-0.00013319741618187558
122,either,3,0.00012124151309408342,-1.0986122886681098,-0.00013319741618187558
465,trivialapplication,3,0.00012124151309408342,-1.0986122886681098,-0.00013319741618187558
378,subclass,2,8.082767539605561e-05,-0.6931471805599453,-5.602547531199041e-05
524,vector,2,8.082767539605561e-05,-0.6931471805599453,-5.602547531199041e-05
665,continue,2,8.082767539605561e-05,-0.6931471805599453,-5.602547531199041e-05
681,longer,2,8.082767539605561e-05,-0.6931471805599453,-5.602547531199041e-05
564,expressionsitemexamples,2,8.082767539605561e-05,-0.6931471805599453,-5.602547531199041e-05
666,interpreted,2,8.082767539605561e-05,-0.6931471805599453,-5.602547531199041e-05
525,yet,2,8.082767539605561e-05,-0.6931471805599453,-5.602547531199041e-05
353,objectsa,2,8.082767539605561e-05,-0.6931471805599453,-5.602547531199041e-05
551,addresses,2,8.082767539605561e-05,-0.6931471805599453,-5.602547531199041e-05
527,bar,2,8.082767539605561e-05,-0.6931471805599453,-5.602547531199041e-05
348,ii,2,8.082767539605561e-05,-0.6931471805599453,-5.602547531199041e-05
531,lifecycle,2,8.082767539605561e-05,-0.6931471805599453,-5.602547531199041e-05
533,added,2,8.082767539605561e-05,-0.6931471805599453,-5.602547531199041e-05
350,trivialapplet,2,8.082767539605561e-05,-0.6931471805599453,-5.602547531199041e-05
536,thesame,2,8.082767539605561e-05,-0.6931471805599453,-5.602547531199041e-05
358,concatenate,2,8.082767539605561e-05,-0.6931471805599453,-5.602547531199041e-05
352,second,2,8.082767539605561e-05,-0.6931471805599453,-5.602547531199041e-05
575,unlike,2,8.082767539605561e-05,-0.6931471805599453,-5.602547531199041e-05
56,available,2,8.082767539605561e-05,-0.6931471805599453,-5.602547531199041e-05
387,instantiates,2,8.082767539605561e-05,-0.6931471805599453,-5.602547531199041e-05
594,come,2,8.082767539605561e-05,-0.6931471805599453,-5.602547531199041e-05
477,features,2,8.082767539605561e-05,-0.6931471805599453,-5.602547531199041e-05
21,unit,2,8.082767539605561e-05,-0.6931471805599453,-5.602547531199041e-05
647,environment,2,8.082767539605561e-05,-0.6931471805599453,-5.602547531199041e-05
467,points,2,8.082767539605561e-05,-0.6931471805599453,-5.602547531199041e-05
342,dynamically,2,8.082767539605561e-05,-0.6931471805599453,-5.602547531199041e-05
34,member,2,8.082767539605561e-05,-0.6931471805599453,-5.602547531199041e-05
424,index,2,8.082767539605561e-05,-0.6931471805599453,-5.602547531199041e-05
624,constant3,2,8.082767539605561e-05,-0.6931471805599453,-5.602547531199041e-05
628,handle,2,8.082767539605561e-05,-0.6931471805599453,-5.602547531199041e-05
857,done,2,8.082767539605561e-05,-0.6931471805599453,-5.602547531199041e-05
41,standard,2,8.082767539605561e-05,-0.6931471805599453,-5.602547531199041e-05
36,left,2,8.082767539605561e-05,-0.6931471805599453,-5.602547531199041e-05
631,tothe,2,8.082767539605561e-05,-0.6931471805599453,-5.602547531199041e-05
38,sockets,2,8.082767539605561e-05,-0.6931471805599453,-5.602547531199041e-05
632,instanceof,2,8.082767539605561e-05,-0.6931471805599453,-5.602547531199041e-05
18,components,2,8.082767539605561e-05,-0.6931471805599453,-5.602547531199041e-05
382,forms,2,8.082767539605561e-05,-0.6931471805599453,-5.602547531199041e-05
408,portability,2,8.082767539605561e-05,-0.6931471805599453,-5.602547531199041e-05
405,valid,2,8.082767539605561e-05,-0.6931471805599453,-5.602547531199041e-05
383,instantiated,2,8.082767539605561e-05,-0.6931471805599453,-5.602547531199041e-05
513,multi,2,8.082767539605561e-05,-0.6931471805599453,-5.602547531199041e-05
437,values,2,8.082767539605561e-05,-0.6931471805599453,-5.602547531199041e-05
9,written,2,8.082767539605561e-05,-0.6931471805599453,-5.602547531199041e-05
510,keyword,2,8.082767539605561e-05,-0.6931471805599453,-5.602547531199041e-05
503,accessing,2,8.082767539605561e-05,-0.6931471805599453,-5.602547531199041e-05
392,checking,2,8.082767539605561e-05,-0.6931471805599453,-5.602547531199041e-05
393,complete,2,8.082767539605561e-05,-0.6931471805599453,-5.602547531199041e-05
852,employee,2,8.082767539605561e-05,-0.6931471805599453,-5.602547531199041e-05
499,constructor,2,8.082767539605561e-05,-0.6931471805599453,-5.602547531199041e-05
11,syntax,2,8.082767539605561e-05,-0.6931471805599453,-5.602547531199041e-05
495,ignored,2,8.082767539605561e-05,-0.6931471805599453,-5.602547531199041e-05
837,placed,2,8.082767539605561e-05,-0.6931471805599453,-5.602547531199041e-05
402,wide,2,8.082767539605561e-05,-0.6931471805599453,-5.602547531199041e-05
485,etc,2,8.082767539605561e-05,-0.6931471805599453,-5.602547531199041e-05
649,invoked,2,8.082767539605561e-05,-0.6931471805599453,-5.602547531199041e-05
31,display,2,8.082767539605561e-05,-0.6931471805599453,-5.602547531199041e-05
810,opening,2,8.082767539605561e-05,-0.6931471805599453,-5.602547531199041e-05
683,suspend,2,8.082767539605561e-05,-0.6931471805599453,-5.602547531199041e-05
822,hardware,2,8.082767539605561e-05,-0.6931471805599453,-5.602547531199041e-05
78,perform,2,8.082767539605561e-05,-0.6931471805599453,-5.602547531199041e-05
340,menu,2,8.082767539605561e-05,-0.6931471805599453,-5.602547531199041e-05
231,prints,2,8.082767539605561e-05,-0.6931471805599453,-5.602547531199041e-05
747,world,2,8.082767539605561e-05,-0.6931471805599453,-5.602547531199041e-05
243,initialized,2,8.082767539605561e-05,-0.6931471805599453,-5.602547531199041e-05
740,declare,2,8.082767539605561e-05,-0.6931471805599453,-5.602547531199041e-05
825,instead,2,8.082767539605561e-05,-0.6931471805599453,-5.602547531199041e-05
736,constants,2,8.082767539605561e-05,-0.6931471805599453,-5.602547531199041e-05
733,versions,2,8.082767539605561e-05,-0.6931471805599453,-5.602547531199041e-05
259,web,2,8.082767539605561e-05,-0.6931471805599453,-5.602547531199041e-05
726,containing,2,8.082767539605561e-05,-0.6931471805599453,-5.602547531199041e-05
723,dereference,2,8.082767539605561e-05,-0.6931471805599453,-5.602547531199041e-05
70,mml,2,8.082767539605561e-05,-0.6931471805599453,-5.602547531199041e-05
720,settitle,2,8.082767539605561e-05,-0.6931471805599453,-5.602547531199041e-05
828,independent,2,8.082767539605561e-05,-0.6931471805599453,-5.602547531199041e-05
282,illustrate,2,8.082767539605561e-05,-0.6931471805599453,-5.602547531199041e-05
717,level,2,8.082767539605561e-05,-0.6931471805599453,-5.602547531199041e-05
287,documentation,2,8.082767539605561e-05,-0.6931471805599453,-5.602547531199041e-05
211,codeint,2,8.082767539605561e-05,-0.6931471805599453,-5.602547531199041e-05
210,specific,2,8.082767539605561e-05,-0.6931471805599453,-5.602547531199041e-05
208,ieee,2,8.082767539605561e-05,-0.6931471805599453,-5.602547531199041e-05
206,freed,2,8.082767539605561e-05,-0.6931471805599453,-5.602547531199041e-05
100,cannot,2,8.082767539605561e-05,-0.6931471805599453,-5.602547531199041e-05
105,variablename,2,8.082767539605561e-05,-0.6931471805599453,-5.602547531199041e-05
107,stylecomments,2,8.082767539605561e-05,-0.6931471805599453,-5.602547531199041e-05
807,simply,2,8.082767539605561e-05,-0.6931471805599453,-5.602547531199041e-05
97,behavior,2,8.082767539605561e-05,-0.6931471805599453,-5.602547531199041e-05
96,task,2,8.082767539605561e-05,-0.6931471805599453,-5.602547531199041e-05
114,arguments,2,8.082767539605561e-05,-0.6931471805599453,-5.602547531199041e-05
116,labels,2,8.082767539605561e-05,-0.6931471805599453,-5.602547531199041e-05
117,hello,2,8.082767539605561e-05,-0.6931471805599453,-5.602547531199041e-05
713,causes,2,8.082767539605561e-05,-0.6931471805599453,-5.602547531199041e-05
120,buttonsbutton,2,8.082767539605561e-05,-0.6931471805599453,-5.602547531199041e-05
158,delimited,2,8.082767539605561e-05,-0.6931471805599453,-5.602547531199041e-05
169,contains,2,8.082767539605561e-05,-0.6931471805599453,-5.602547531199041e-05
782,comparison,2,8.082767539605561e-05,-0.6931471805599453,-5.602547531199041e-05
91,bad,2,8.082767539605561e-05,-0.6931471805599453,-5.602547531199041e-05
777,addition,2,8.082767539605561e-05,-0.6931471805599453,-5.602547531199041e-05
88,appletname,2,8.082767539605561e-05,-0.6931471805599453,-5.602547531199041e-05
767,declarations,2,8.082767539605561e-05,-0.6931471805599453,-5.602547531199041e-05
764,secure,2,8.082767539605561e-05,-0.6931471805599453,-5.602547531199041e-05
199,particular,2,8.082767539605561e-05,-0.6931471805599453,-5.602547531199041e-05
135,handling,2,8.082767539605561e-05,-0.6931471805599453,-5.602547531199041e-05
829,existing,2,8.082767539605561e-05,-0.6931471805599453,-5.602547531199041e-05
750,break,2,8.082767539605561e-05,-0.6931471805599453,-5.602547531199041e-05
302,alt,2,8.082767539605561e-05,-0.6931471805599453,-5.602547531199041e-05
63,host,2,8.082767539605561e-05,-0.6931471805599453,-5.602547531199041e-05
330,orin,2,8.082767539605561e-05,-0.6931471805599453,-5.602547531199041e-05
304,error,2,8.082767539605561e-05,-0.6931471805599453,-5.602547531199041e-05
320,non,2,8.082767539605561e-05,-0.6931471805599453,-5.602547531199041e-05
335,ofc,2,8.082767539605561e-05,-0.6931471805599453,-5.602547531199041e-05
327,unicode,2,8.082767539605561e-05,-0.6931471805599453,-5.602547531199041e-05
711,calls,2,8.082767539605561e-05,-0.6931471805599453,-5.602547531199041e-05
695,javabasics,2,8.082767539605561e-05,-0.6931471805599453,-5.602547531199041e-05
831,stale,1,4.041383769802781e-05,0.0,0.0
601,lifecyclemethodsthe,1,4.041383769802781e-05,0.0,0.0
600,stacks,1,4.041383769802781e-05,0.0,0.0
780,referring,1,4.041383769802781e-05,0.0,0.0
593,thisstatement,1,4.041383769802781e-05,0.0,0.0
787,returnreturn,1,4.041383769802781e-05,0.0,0.0
599,max_value,1,4.041383769802781e-05,0.0,0.0
598,contained,1,4.041383769802781e-05,0.0,0.0
693,anything,1,4.041383769802781e-05,0.0,0.0
781,illegal,1,4.041383769802781e-05,0.0,0.0
779,typesthe,1,4.041383769802781e-05,0.0,0.0
830,next,1,4.041383769802781e-05,0.0,0.0
783,undefined,1,4.041383769802781e-05,0.0,0.0
784,corrupt,1,4.041383769802781e-05,0.0,0.0
597,bindjava,1,4.041383769802781e-05,0.0,0.0
786,structs,1,4.041383769802781e-05,0.0,0.0
595,follows,1,4.041383769802781e-05,0.0,0.0
662,think,1,4.041383769802781e-05,0.0,0.0
678,ofyour,1,4.041383769802781e-05,0.0,0.0
778,suffixdouble,1,4.041383769802781e-05,0.0,0.0
610,native,1,4.041383769802781e-05,0.0,0.0
696,notspecify,1,4.041383769802781e-05,0.0,0.0
766,fromall,1,4.041383769802781e-05,0.0,0.0
677,objectsbutton,1,4.041383769802781e-05,0.0,0.0
768,incorrect,1,4.041383769802781e-05,0.0,0.0
769,returns,1,4.041383769802781e-05,0.0,0.0
606,members,1,4.041383769802781e-05,0.0,0.0
850,thedirectories,1,4.041383769802781e-05,0.0,0.0
817,operations,1,4.041383769802781e-05,0.0,0.0
771,advantage,1,4.041383769802781e-05,0.0,0.0
772,typesint,1,4.041383769802781e-05,0.0,0.0
774,codenew,1,4.041383769802781e-05,0.0,0.0
775,leaked,1,4.041383769802781e-05,0.0,0.0
694,constant0x123octal,1,4.041383769802781e-05,0.0,0.0
603,useful,1,4.041383769802781e-05,0.0,0.0
776,interfaces,1,4.041383769802781e-05,0.0,0.0
602,parseint,1,4.041383769802781e-05,0.0,0.0
815,isrevisited,1,4.041383769802781e-05,0.0,0.0
788,stat3,1,4.041383769802781e-05,0.0,0.0
793,securitythe,1,4.041383769802781e-05,0.0,0.0
790,archives,1,4.041383769802781e-05,0.0,0.0
689,thedifference,1,4.041383769802781e-05,0.0,0.0
688,signature,1,4.041383769802781e-05,0.0,0.0
576,declarationsa,1,4.041383769802781e-05,0.0,0.0
686,u00aeboolean,1,4.041383769802781e-05,0.0,0.0
832,potential,1,4.041383769802781e-05,0.0,0.0
574,surroundingit,1,4.041383769802781e-05,0.0,0.0
680,methodshould,1,4.041383769802781e-05,0.0,0.0
855,typedescriptionbooleantrue,1,4.041383769802781e-05,0.0,0.0
856,effort,1,4.041383769802781e-05,0.0,0.0
811,character,1,4.041383769802781e-05,0.0,0.0
572,errors,1,4.041383769802781e-05,0.0,0.0
571,valuesarguments,1,4.041383769802781e-05,0.0,0.0
570,details,1,4.041383769802781e-05,0.0,0.0
684,structurea,1,4.041383769802781e-05,0.0,0.0
569,specifically,1,4.041383769802781e-05,0.0,0.0
809,yourbrowser,1,4.041383769802781e-05,0.0,0.0
568,files,1,4.041383769802781e-05,0.0,0.0
805,thereby,1,4.041383769802781e-05,0.0,0.0
580,drawstring,1,4.041383769802781e-05,0.0,0.0
581,avoid,1,4.041383769802781e-05,0.0,0.0
582,immediately,1,4.041383769802781e-05,0.0,0.0
820,img,1,4.041383769802781e-05,0.0,0.0
795,combination,1,4.041383769802781e-05,0.0,0.0
854,multiple,1,4.041383769802781e-05,0.0,0.0
796,single,1,4.041383769802781e-05,0.0,0.0
797,consequence,1,4.041383769802781e-05,0.0,0.0
798,runs,1,4.041383769802781e-05,0.0,0.0
590,internet,1,4.041383769802781e-05,0.0,0.0
690,bitsint32,1,4.041383769802781e-05,0.0,0.0
853,issue,1,4.041383769802781e-05,0.0,0.0
799,translated,1,4.041383769802781e-05,0.0,0.0
589,descriptionjava,1,4.041383769802781e-05,0.0,0.0
588,youmust,1,4.041383769802781e-05,0.0,0.0
802,well,1,4.041383769802781e-05,0.0,0.0
814,representation,1,4.041383769802781e-05,0.0,0.0
587,observation,1,4.041383769802781e-05,0.0,0.0
586,paramtest,1,4.041383769802781e-05,0.0,0.0
585,constant4float,1,4.041383769802781e-05,0.0,0.0
804,listed,1,4.041383769802781e-05,0.0,0.0
801,iii,1,4.041383769802781e-05,0.0,0.0
698,terminated,1,4.041383769802781e-05,0.0,0.0
761,notnecessary,1,4.041383769802781e-05,0.0,0.0
675,whenever,1,4.041383769802781e-05,0.0,0.0
730,generatedocumentation,1,4.041383769802781e-05,0.0,0.0
731,namelistqualified,1,4.041383769802781e-05,0.0,0.0
732,pc,1,4.041383769802781e-05,0.0,0.0
704,automaticallys,1,4.041383769802781e-05,0.0,0.0
646,plus,1,4.041383769802781e-05,0.0,0.0
645,javadoc,1,4.041383769802781e-05,0.0,0.0
644,applies,1,4.041383769802781e-05,0.0,0.0
667,back,1,4.041383769802781e-05,0.0,0.0
729,thatspecify,1,4.041383769802781e-05,0.0,0.0
643,descriptionidi,1,4.041383769802781e-05,0.0,0.0
734,allocation,1,4.041383769802781e-05,0.0,0.0
735,stat1if,1,4.041383769802781e-05,0.0,0.0
836,independentbyte,1,4.041383769802781e-05,0.0,0.0
641,literals,1,4.041383769802781e-05,0.0,0.0
640,jperforms,1,4.041383769802781e-05,0.0,0.0
737,relieving,1,4.041383769802781e-05,0.0,0.0
703,publicly,1,4.041383769802781e-05,0.0,0.0
738,bitsfloat32,1,4.041383769802781e-05,0.0,0.0
642,things,1,4.041383769802781e-05,0.0,0.0
739,burden,1,4.041383769802781e-05,0.0,0.0
826,inflexible,1,4.041383769802781e-05,0.0,0.0
705,calledonce,1,4.041383769802781e-05,0.0,0.0
659,inaccessible,1,4.041383769802781e-05,0.0,0.0
714,deiconify,1,4.041383769802781e-05,0.0,0.0
709,expressionsmost,1,4.041383769802781e-05,0.0,0.0
715,arrayobject,1,4.041383769802781e-05,0.0,0.0
657,tosubclass,1,4.041383769802781e-05,0.0,0.0
716,methodcauses,1,4.041383769802781e-05,0.0,0.0
708,whenquitting,1,4.041383769802781e-05,0.0,0.0
707,programinstantiates,1,4.041383769802781e-05,0.0,0.0
727,intsvector,1,4.041383769802781e-05,0.0,0.0
655,leakage,1,4.041383769802781e-05,0.0,0.0
653,fill,1,4.041383769802781e-05,0.0,0.0
721,tells,1,4.041383769802781e-05,0.0,0.0
652,together,1,4.041383769802781e-05,0.0,0.0
838,typeelement,1,4.041383769802781e-05,0.0,0.0
706,differences,1,4.041383769802781e-05,0.0,0.0
722,longerneeded,1,4.041383769802781e-05,0.0,0.0
827,themout,1,4.041383769802781e-05,0.0,0.0
648,portions,1,4.041383769802781e-05,0.0,0.0
663,constant077nullthe,1,4.041383769802781e-05,0.0,0.0
702,valueof,1,4.041383769802781e-05,0.0,0.0
637,depot,1,4.041383769802781e-05,0.0,0.0
636,old,1,4.041383769802781e-05,0.0,0.0
752,brackets,1,4.041383769802781e-05,0.0,0.0
620,also,1,4.041383769802781e-05,0.0,0.0
619,programmingthe,1,4.041383769802781e-05,0.0,0.0
671,intsnew,1,4.041383769802781e-05,0.0,0.0
753,jim,1,4.041383769802781e-05,0.0,0.0
754,deallocates,1,4.041383769802781e-05,0.0,0.0
755,javalanguage,1,4.041383769802781e-05,0.0,0.0
756,commentary,1,4.041383769802781e-05,0.0,0.0
621,leading,1,4.041383769802781e-05,0.0,0.0
757,src,1,4.041383769802781e-05,0.0,0.0
615,implementor,1,4.041383769802781e-05,0.0,0.0
847,difficult,1,4.041383769802781e-05,0.0,0.0
672,local,1,4.041383769802781e-05,0.0,0.0
760,standalone,1,4.041383769802781e-05,0.0,0.0
673,statdo,1,4.041383769802781e-05,0.0,0.0
674,compatible,1,4.041383769802781e-05,0.0,0.0
613,arraysint,1,4.041383769802781e-05,0.0,0.0
712,pretend,1,4.041383769802781e-05,0.0,0.0
616,heapwould,1,4.041383769802781e-05,0.0,0.0
622,treated,1,4.041383769802781e-05,0.0,0.0
751,double64,1,4.041383769802781e-05,0.0,0.0
823,environments,1,4.041383769802781e-05,0.0,0.0
741,content,1,4.041383769802781e-05,0.0,0.0
635,flavors,1,4.041383769802781e-05,0.0,0.0
824,calledarrayindexoutofboundsexception,1,4.041383769802781e-05,0.0,0.0
633,including,1,4.041383769802781e-05,0.0,0.0
742,stat1case,1,4.041383769802781e-05,0.0,0.0
743,testcommentsjava,1,4.041383769802781e-05,0.0,0.0
844,leaves,1,4.041383769802781e-05,0.0,0.0
744,forfor,1,4.041383769802781e-05,0.0,0.0
745,referred,1,4.041383769802781e-05,0.0,0.0
746,corner,1,4.041383769802781e-05,0.0,0.0
669,javaobject,1,4.041383769802781e-05,0.0,0.0
630,attemptingto,1,4.041383769802781e-05,0.0,0.0
748,specified,1,4.041383769802781e-05,0.0,0.0
700,optionally,1,4.041383769802781e-05,0.0,0.0
749,remains,1,4.041383769802781e-05,0.0,0.0
626,stats,1,4.041383769802781e-05,0.0,0.0
625,applettemplate,1,4.041383769802781e-05,0.0,0.0
699,phase,1,4.041383769802781e-05,0.0,0.0
845,try,1,4.041383769802781e-05,0.0,0.0
611,block,1,4.041383769802781e-05,0.0,0.0
685,lowest,1,4.041383769802781e-05,0.0,0.0
429,objectsin,1,4.041383769802781e-05,0.0,0.0
563,literaltrue,1,4.041383769802781e-05,0.0,0.0
197,page,1,4.041383769802781e-05,0.0,0.0
198,means,1,4.041383769802781e-05,0.0,0.0
200,outside,1,4.041383769802781e-05,0.0,0.0
203,disks,1,4.041383769802781e-05,0.0,0.0
209,completely,1,4.041383769802781e-05,0.0,0.0
213,exceptionsjava,1,4.041383769802781e-05,0.0,0.0
196,semanticsportabilityjava,1,4.041383769802781e-05,0.0,0.0
214,say,1,4.041383769802781e-05,0.0,0.0
216,objectsassignment,1,4.041383769802781e-05,0.0,0.0
217,discussed,1,4.041383769802781e-05,0.0,0.0
220,otherjava,1,4.041383769802781e-05,0.0,0.0
221,objid,1,4.041383769802781e-05,0.0,0.0
222,youoverride,1,4.041383769802781e-05,0.0,0.0
224,body,1,4.041383769802781e-05,0.0,0.0
215,acompilation,1,4.041383769802781e-05,0.0,0.0
225,converted,1,4.041383769802781e-05,0.0,0.0
194,takes,1,4.041383769802781e-05,0.0,0.0
192,javavariables,1,4.041383769802781e-05,0.0,0.0
165,ifyou,1,4.041383769802781e-05,0.0,0.0
170,integerint,1,4.041383769802781e-05,0.0,0.0
171,aplications,1,4.041383769802781e-05,0.0,0.0
174,priority,1,4.041383769802781e-05,0.0,0.0
176,scrollbars,1,4.041383769802781e-05,0.0,0.0
178,processed,1,4.041383769802781e-05,0.0,0.0
193,closing,1,4.041383769802781e-05,0.0,0.0
179,displays,1,4.041383769802781e-05,0.0,0.0
182,designed,1,4.041383769802781e-05,0.0,0.0
183,making,1,4.041383769802781e-05,0.0,0.0
184,current,1,4.041383769802781e-05,0.0,0.0
186,deallocated,1,4.041383769802781e-05,0.0,0.0
187,operating,1,4.041383769802781e-05,0.0,0.0
191,another,1,4.041383769802781e-05,0.0,0.0
180,stringsjava,1,4.041383769802781e-05,0.0,0.0
162,modules,1,4.041383769802781e-05,0.0,0.0
228,diagram,1,4.041383769802781e-05,0.0,0.0
232,nested,1,4.041383769802781e-05,0.0,0.0
263,sections,1,4.041383769802781e-05,0.0,0.0
264,five,1,4.041383769802781e-05,0.0,0.0
265,superclass,1,4.041383769802781e-05,0.0,0.0
266,loader,1,4.041383769802781e-05,0.0,0.0
267,reduces,1,4.041383769802781e-05,0.0,0.0
268,provided,1,4.041383769802781e-05,0.0,0.0
262,deallocating,1,4.041383769802781e-05,0.0,0.0
271,andformats,1,4.041383769802781e-05,0.0,0.0
275,becausethey,1,4.041383769802781e-05,0.0,0.0
277,macapplication,1,4.041383769802781e-05,0.0,0.0
279,systemresources,1,4.041383769802781e-05,0.0,0.0
281,loadable,1,4.041383769802781e-05,0.0,0.0
284,libraries,1,4.041383769802781e-05,0.0,0.0
285,lines,1,4.041383769802781e-05,0.0,0.0
272,implied,1,4.041383769802781e-05,0.0,0.0
230,drawing,1,4.041383769802781e-05,0.0,0.0
261,unnecessarily,1,4.041383769802781e-05,0.0,0.0
258,allowed,1,4.041383769802781e-05,0.0,0.0
234,classthat,1,4.041383769802781e-05,0.0,0.0
235,clean,1,4.041383769802781e-05,0.0,0.0
236,keywords,1,4.041383769802781e-05,0.0,0.0
239,becomes,1,4.041383769802781e-05,0.0,0.0
240,thatknow,1,4.041383769802781e-05,0.0,0.0
241,order,1,4.041383769802781e-05,0.0,0.0
260,storing,1,4.041383769802781e-05,0.0,0.0
245,lowercase,1,4.041383769802781e-05,0.0,0.0
248,deep,1,4.041383769802781e-05,0.0,0.0
250,realobjects,1,4.041383769802781e-05,0.0,0.0
252,major,1,4.041383769802781e-05,0.0,0.0
254,manager,1,4.041383769802781e-05,0.0,0.0
255,atruntime,1,4.041383769802781e-05,0.0,0.0
257,giant,1,4.041383769802781e-05,0.0,0.0
247,classpath,1,4.041383769802781e-05,0.0,0.0
157,suffixhexadecimal,1,4.041383769802781e-05,0.0,0.0
156,beginwith,1,4.041383769802781e-05,0.0,0.0
154,distributed,1,4.041383769802781e-05,0.0,0.0
48,internally,1,4.041383769802781e-05,0.0,0.0
49,buttonsa,1,4.041383769802781e-05,0.0,0.0
50,systems,1,4.041383769802781e-05,0.0,0.0
52,linking,1,4.041383769802781e-05,0.0,0.0
54,appropriate,1,4.041383769802781e-05,0.0,0.0
55,user,1,4.041383769802781e-05,0.0,0.0
45,much,1,4.041383769802781e-05,0.0,0.0
57,latest,1,4.041383769802781e-05,0.0,0.0
61,common,1,4.041383769802781e-05,0.0,0.0
65,interesting,1,4.041383769802781e-05,0.0,0.0
67,effects,1,4.041383769802781e-05,0.0,0.0
72,tedious,1,4.041383769802781e-05,0.0,0.0
73,zero,1,4.041383769802781e-05,0.0,0.0
74,creating,1,4.041383769802781e-05,0.0,0.0
60,frameremoves,1,4.041383769802781e-05,0.0,0.0
75,often,1,4.041383769802781e-05,0.0,0.0
44,atjava,1,4.041383769802781e-05,0.0,0.0
42,arraya,1,4.041383769802781e-05,0.0,0.0
4,codebutton,1,4.041383769802781e-05,0.0,0.0
5,cloneable,1,4.041383769802781e-05,0.0,0.0
7,leaks,1,4.041383769802781e-05,0.0,0.0
8,notices,1,4.041383769802781e-05,0.0,0.0
10,restrictions,1,4.041383769802781e-05,0.0,0.0
12,objectgeneral,1,4.041383769802781e-05,0.0,0.0
43,javaruntime,1,4.041383769802781e-05,0.0,0.0
15,togroup,1,4.041383769802781e-05,0.0,0.0
17,ofcode,1,4.041383769802781e-05,0.0,0.0
24,places,1,4.041383769802781e-05,0.0,0.0
27,tobe,1,4.041383769802781e-05,0.0,0.0
35,assignments,1,4.041383769802781e-05,0.0,0.0
37,ifthey,1,4.041383769802781e-05,0.0,0.0
40,efficient,1,4.041383769802781e-05,0.0,0.0
16,needsto,1,4.041383769802781e-05,0.0,0.0
77,number,1,4.041383769802781e-05,0.0,0.0
80,malloc,1,4.041383769802781e-05,0.0,0.0
81,tostring,1,4.041383769802781e-05,0.0,0.0
131,something,1,4.041383769802781e-05,0.0,0.0
133,stat2switchswitch,1,4.041383769802781e-05,0.0,0.0
134,constantsvariables,1,4.041383769802781e-05,0.0,0.0
136,removed,1,4.041383769802781e-05,0.0,0.0
139,injava,1,4.041383769802781e-05,0.0,0.0
141,across,1,4.041383769802781e-05,0.0,0.0
130,looks,1,4.041383769802781e-05,0.0,0.0
144,hostplatform,1,4.041383769802781e-05,0.0,0.0
147,whiledo,1,4.041383769802781e-05,0.0,0.0
148,messagesfrom,1,4.041383769802781e-05,0.0,0.0
149,copyjava,1,4.041383769802781e-05,0.0,0.0
150,normal,1,4.041383769802781e-05,0.0,0.0
152,invalid,1,4.041383769802781e-05,0.0,0.0
153,publicclass,1,4.041383769802781e-05,0.0,0.0
146,lack,1,4.041383769802781e-05,0.0,0.0
124,harm,1,4.041383769802781e-05,0.0,0.0
123,created,1,4.041383769802781e-05,0.0,0.0
118,freeing,1,4.041383769802781e-05,0.0,0.0
82,running,1,4.041383769802781e-05,0.0,0.0
84,callclass,1,4.041383769802781e-05,0.0,0.0
85,highest,1,4.041383769802781e-05,0.0,0.0
87,precedence,1,4.041383769802781e-05,0.0,0.0
89,alljava,1,4.041383769802781e-05,0.0,0.0
90,happens,1,4.041383769802781e-05,0.0,0.0
94,upper,1,4.041383769802781e-05,0.0,0.0
95,falsebyte8,1,4.041383769802781e-05,0.0,0.0
98,symbol,1,4.041383769802781e-05,0.0,0.0
101,usestringbuffer,1,4.041383769802781e-05,0.0,0.0
102,shift,1,4.041383769802781e-05,0.0,0.0
103,compared,1,4.041383769802781e-05,0.0,0.0
106,onetwo,1,4.041383769802781e-05,0.0,0.0
108,broad,1,4.041383769802781e-05,0.0,0.0
110,allocateduntil,1,4.041383769802781e-05,0.0,0.0
286,buttonnull,1,4.041383769802781e-05,0.0,0.0
288,searches,1,4.041383769802781e-05,0.0,0.0
289,calledequals,1,4.041383769802781e-05,0.0,0.0
292,related,1,4.041383769802781e-05,0.0,0.0
461,modified,1,4.041383769802781e-05,0.0,0.0
462,vspace,1,4.041383769802781e-05,0.0,0.0
463,complexity,1,4.041383769802781e-05,0.0,0.0
468,named,1,4.041383769802781e-05,0.0,0.0
469,statwhilewhile,1,4.041383769802781e-05,0.0,0.0
470,hspace,1,4.041383769802781e-05,0.0,0.0
459,abc,1,4.041383769802781e-05,0.0,0.0
471,requires,1,4.041383769802781e-05,0.0,0.0
478,ishandled,1,4.041383769802781e-05,0.0,0.0
479,several,1,4.041383769802781e-05,0.0,0.0
482,visible,1,4.041383769802781e-05,0.0,0.0
484,pointed,1,4.041383769802781e-05,0.0,0.0
486,obtained,1,4.041383769802781e-05,0.0,0.0
487,codedirectly,1,4.041383769802781e-05,0.0,0.0
476,equalitytwo,1,4.041383769802781e-05,0.0,0.0
489,short16,1,4.041383769802781e-05,0.0,0.0
458,andt,1,4.041383769802781e-05,0.0,0.0
454,e6f,1,4.041383769802781e-05,0.0,0.0
433,bring,1,4.041383769802781e-05,0.0,0.0
434,definitionsimport,1,4.041383769802781e-05,0.0,0.0
435,stat2default,1,4.041383769802781e-05,0.0,0.0
438,rewrite,1,4.041383769802781e-05,0.0,0.0
439,pronejava,1,4.041383769802781e-05,0.0,0.0
440,many,1,4.041383769802781e-05,0.0,0.0
456,typespurely,1,4.041383769802781e-05,0.0,0.0
441,pointerb,1,4.041383769802781e-05,0.0,0.0
448,int00000in,1,4.041383769802781e-05,0.0,0.0
449,equivalentcode,1,4.041383769802781e-05,0.0,0.0
450,appletthe,1,4.041383769802781e-05,0.0,0.0
451,semanticswe,1,4.041383769802781e-05,0.0,0.0
452,commentswhere,1,4.041383769802781e-05,0.0,0.0
453,terence,1,4.041383769802781e-05,0.0,0.0
444,integrateyour,1,4.041383769802781e-05,0.0,0.0
490,sizes,1,4.041383769802781e-05,0.0,0.0
494,conversions,1,4.041383769802781e-05,0.0,0.0
497,elementsjava,1,4.041383769802781e-05,0.0,0.0
542,crashesduring,1,4.041383769802781e-05,0.0,0.0
543,methodsrobustnessthe,1,4.041383769802781e-05,0.0,0.0
544,executionthe,1,4.041383769802781e-05,0.0,0.0
545,guaranteed,1,4.041383769802781e-05,0.0,0.0
547,demand,1,4.041383769802781e-05,0.0,0.0
548,availablefor,1,4.041383769802781e-05,0.0,0.0
541,find,1,4.041383769802781e-05,0.0,0.0
549,dlls,1,4.041383769802781e-05,0.0,0.0
552,othermachines,1,4.041383769802781e-05,0.0,0.0
553,nullpointerexception,1,4.041383769802781e-05,0.0,0.0
555,proper,1,4.041383769802781e-05,0.0,0.0
558,namelistobj,1,4.041383769802781e-05,0.0,0.0
560,align,1,4.041383769802781e-05,0.0,0.0
561,amethod,1,4.041383769802781e-05,0.0,0.0
550,concatenated,1,4.041383769802781e-05,0.0,0.0
540,efficiency,1,4.041383769802781e-05,0.0,0.0
539,fragments,1,4.041383769802781e-05,0.0,0.0
538,area,1,4.041383769802781e-05,0.0,0.0
500,objectsuperthe,1,4.041383769802781e-05,0.0,0.0
504,thereforejava,1,4.041383769802781e-05,0.0,0.0
505,acollection,1,4.041383769802781e-05,0.0,0.0
507,functionthat,1,4.041383769802781e-05,0.0,0.0
508,statementsjava,1,4.041383769802781e-05,0.0,0.0
515,standardoutput,1,4.041383769802781e-05,0.0,0.0
516,terminates,1,4.041383769802781e-05,0.0,0.0
517,problemsbecause,1,4.041383769802781e-05,0.0,0.0
518,implements,1,4.041383769802781e-05,0.0,0.0
520,sends,1,4.041383769802781e-05,0.0,0.0
526,copysemantics,1,4.041383769802781e-05,0.0,0.0
529,arithmeticjava,1,4.041383769802781e-05,0.0,0.0
530,respond,1,4.041383769802781e-05,0.0,0.0
534,basicstopics,1,4.041383769802781e-05,0.0,0.0
535,npackage,1,4.041383769802781e-05,0.0,0.0
432,aseparate,1,4.041383769802781e-05,0.0,0.0
565,convention,1,4.041383769802781e-05,0.0,0.0
428,statementsstatementexamplesifif,1,4.041383769802781e-05,0.0,0.0
423,forget,1,4.041383769802781e-05,0.0,0.0
319,bitslong64,1,4.041383769802781e-05,0.0,0.0
322,interfacethe,1,4.041383769802781e-05,0.0,0.0
324,forexample,1,4.041383769802781e-05,0.0,0.0
325,redrawn,1,4.041383769802781e-05,0.0,0.0
328,netscapenavigator,1,4.041383769802781e-05,0.0,0.0
329,leads,1,4.041383769802781e-05,0.0,0.0
318,defense,1,4.041383769802781e-05,0.0,0.0
331,buttonobject,1,4.041383769802781e-05,0.0,0.0
334,virtually,1,4.041383769802781e-05,0.0,0.0
338,calling,1,4.041383769802781e-05,0.0,0.0
339,shallow,1,4.041383769802781e-05,0.0,0.0
341,bitmaps,1,4.041383769802781e-05,0.0,0.0
344,blank,1,4.041383769802781e-05,0.0,0.0
345,notpresent,1,4.041383769802781e-05,0.0,0.0
332,orviruses,1,4.041383769802781e-05,0.0,0.0
349,pointeryou,1,4.041383769802781e-05,0.0,0.0
317,accompanying,1,4.041383769802781e-05,0.0,0.0
315,three,1,4.041383769802781e-05,0.0,0.0
293,toconvert,1,4.041383769802781e-05,0.0,0.0
294,considered,1,4.041383769802781e-05,0.0,0.0
295,collectionan,1,4.041383769802781e-05,0.0,0.0
297,applicationconsider,1,4.041383769802781e-05,0.0,0.0
301,generic,1,4.041383769802781e-05,0.0,0.0
303,objectoperatorsthe,1,4.041383769802781e-05,0.0,0.0
316,translates,1,4.041383769802781e-05,0.0,0.0
305,parameterscodebase,1,4.041383769802781e-05,0.0,0.0
307,intentionally,1,4.041383769802781e-05,0.0,0.0
308,thisthe,1,4.041383769802781e-05,0.0,0.0
309,apply,1,4.041383769802781e-05,0.0,0.0
311,mainwindow,1,4.041383769802781e-05,0.0,0.0
312,objectresults,1,4.041383769802781e-05,0.0,0.0
313,initializersvariables,1,4.041383769802781e-05,0.0,0.0
306,stored,1,4.041383769802781e-05,0.0,0.0
357,jumping,1,4.041383769802781e-05,0.0,0.0
359,objectprimitive,1,4.041383769802781e-05,0.0,0.0
361,iconifyyour,1,4.041383769802781e-05,0.0,0.0
396,scoped,1,4.041383769802781e-05,0.0,0.0
398,dimensional,1,4.041383769802781e-05,0.0,0.0
399,sstill,1,4.041383769802781e-05,0.0,0.0
400,command,1,4.041383769802781e-05,0.0,0.0
403,commenting,1,4.041383769802781e-05,0.0,0.0
404,e6d,1,4.041383769802781e-05,0.0,0.0
394,tnew,1,4.041383769802781e-05,0.0,0.0
406,mandatory,1,4.041383769802781e-05,0.0,0.0
409,idinteger,1,4.041383769802781e-05,0.0,0.0
411,functionwould,1,4.041383769802781e-05,0.0,0.0
418,context,1,4.041383769802781e-05,0.0,0.0
419,figure,1,4.041383769802781e-05,0.0,0.0
420,executionsequence,1,4.041383769802781e-05,0.0,0.0
422,computer,1,4.041383769802781e-05,0.0,0.0
407,square,1,4.041383769802781e-05,0.0,0.0
391,linked,1,4.041383769802781e-05,0.0,0.0
390,painting,1,4.041383769802781e-05,0.0,0.0
389,nonportable,1,4.041383769802781e-05,0.0,0.0
363,market,1,4.041383769802781e-05,0.0,0.0
364,allocatesmemory,1,4.041383769802781e-05,0.0,0.0
365,owner,1,4.041383769802781e-05,0.0,0.0
366,creation,1,4.041383769802781e-05,0.0,0.0
367,menus,1,4.041383769802781e-05,0.0,0.0
369,bitschar16,1,4.041383769802781e-05,0.0,0.0
370,software,1,4.041383769802781e-05,0.0,0.0
372,bepreceded,1,4.041383769802781e-05,0.0,0.0
375,executionan,1,4.041383769802781e-05,0.0,0.0
376,asnew,1,4.041383769802781e-05,0.0,0.0
377,typesprimitive,1,4.041383769802781e-05,0.0,0.0
380,differently,1,4.041383769802781e-05,0.0,0.0
381,interpreter,1,4.041383769802781e-05,0.0,0.0
386,steal,1,4.041383769802781e-05,0.0,0.0
388,already,1,4.041383769802781e-05,0.0,0.0
427,startingclassname,1,4.041383769802781e-05,0.0,0.0
858,onany,1,4.041383769802781e-05,0.0,0.0
